{
"chars":[
    [
        12.0, 
        4.0, 
        0, 
        "\u05d0"
    ], 
    [
        8.0, 
        4.0, 
        0, 
        "\u05d1"
    ], 
    [
        9.0, 
        6.0, 
        0, 
        "\u05d2"
    ], 
    [
        8.0, 
        0.0, 
        0, 
        "\u05d3"
    ], 
    [
        8.0, 
        4.0, 
        0, 
        "\u05d4"
    ], 
    [
        4.0, 
        4.0, 
        1, 
        "\u05d5"
    ], 
    [
        7.0, 
        3.0, 
        0, 
        "\u05d6"
    ], 
    [
        6.0, 
        4.0, 
        0, 
        "\u05d7"
    ], 
    [
        6.0, 
        8.0, 
        2, 
        "\u05d8"
    ], 
    [
        4.0, 
        4.0, 
        1, 
        "\u05d9"
    ], 
    [
        4.0, 
        4.0, 
        1, 
        "\u05da"
    ], 
    [
        2.0, 
        8.0, 
        2, 
        "\u05db"
    ], 
    [
        6.0, 
        4.0, 
        0, 
        "\u05dc"
    ], 
    [
        8.0, 
        2.0, 
        0, 
        "\u05dd"
    ], 
    [
        11.0, 
        5.0, 
        0, 
        "\u05de"
    ], 
    [
        4.0, 
        4.0, 
        1, 
        "\u05df"
    ], 
    [
        6.0, 
        4.0, 
        0, 
        "\u05e0"
    ], 
    [
        1.0, 
        11.0, 
        2, 
        "\u05e1"
    ], 
    [
        5.0, 
        3.0, 
        0, 
        "\u05e2"
    ], 
    [
        6.0, 
        8.0, 
        2, 
        "\u05e3"
    ], 
    [
        4.0, 
        12.0, 
        2, 
        "\u05e4"
    ], 
    [
        9.0, 
        7.0, 
        0, 
        "\u05e5"
    ], 
    [
        10.0, 
        8.0, 
        0, 
        "\u05e6"
    ], 
    [
        8.0, 
        4.0, 
        0, 
        "\u05e7"
    ], 
    [
        4.0, 
        4.0, 
        1, 
        "\u05e8"
    ], 
    [
        6.0, 
        6.0, 
        1, 
        "\u05e9"
    ], 
    [
        7.0, 
        9.0, 
        2, 
        "\u05ea"
    ]
],
"clusters":[
    [
        8.066666666666666, 
        4.133333333333334
    ], 
    [
        4.333333333333333, 
        4.333333333333333
    ], 
    [
        4.333333333333333, 
        9.333333333333334
    ]
]
}